<?xml version="1.0" encoding="UTF-8"?>
<project-private xmlns="http://www.netbeans.org/ns/project-private/1">
    <editor-bookmarks xmlns="http://www.netbeans.org/ns/editor-bookmarks/2" lastBookmarkId="0"/>
    <open-files xmlns="http://www.netbeans.org/ns/projectui-open-files/2">
        <group>
            <file>file:/D:/CSD201_W3/DeBai-Assignment01/A01/Q2/src/Node.java</file>
            <file>file:/D:/CSD201_W3/DeBai-Assignment01/A01/Q2/src/MyList.java</file>
        </group>
    </open-files>
</project-private>
